[
{
    "status": "operational",
    "name": "vRealize Air Portal",
    "created_at": "2015-08-14T18:42:06.747Z",
    "updated_at": "2016-03-04T23:35:08.329Z",
    "position": 1,
    "description": null,
    "id": "j6z5stmb2s8t",
    "page_id": "qftdx2kyz380",
    "group_id": null
}, {
    "status": "operational",
    "name": "API",
    "created_at": "2016-03-25T09:51:16.621Z",
    "updated_at": "2016-03-29T21:18:19.848Z",
    "position": 1,
    "description": "API Services",
    "id": "60ntv89hynn4",
    "page_id": "qftdx2kyz380",
    "group_id": "6nw1kl60p4w1"
}, {
    "status": "operational",
    "name": "API",
    "created_at": "2016-03-25T09:46:53.855Z",
    "updated_at": "2016-03-30T07:13:04.804Z",
    "position": 1,
    "description": "API Services",
    "id": "zz234w04m8ns",
    "page_id": "qftdx2kyz380",
    "group_id": "8h0ryk5w9vrj"
}, {
    "status": "operational",
    "name": "API",
    "created_at": "2016-03-25T09:45:33.072Z",
    "updated_at": "2016-03-31T08:09:45.452Z",
    "position": 1,
    "description": "API Services",
    "id": "7q0jny30trz5",
    "page_id": "qftdx2kyz380",
    "group_id": "frxccs2hg5y3"
}, {
    "status": "operational",
    "name": "Compliance RESTful API",
    "created_at": "2015-08-14T18:42:06.761Z",
    "updated_at": "2016-03-10T14:09:46.007Z",
    "position": 1,
    "description": null,
    "id": "f7pf48plrpkq",
    "page_id": "qftdx2kyz380",
    "group_id": "vkbb43khjmvk"
}, {
    "status": "operational",
    "name": "Service-Now",
    "created_at": "2016-03-08T22:17:55.816Z",
    "updated_at": "2016-03-10T14:01:55.599Z",
    "position": 1,
    "description": null,
    "id": "64j1zws5f4wj",
    "page_id": "qftdx2kyz380",
    "group_id": "f8tbmmzghhk4"
}, {
    "status": "operational",
    "name": "API",
    "created_at": "2016-03-25T09:47:50.345Z",
    "updated_at": "2016-03-29T21:18:18.879Z",
    "position": 1,
    "description": "API Services",
    "id": "8fph8vb35rhn",
    "page_id": "qftdx2kyz380",
    "group_id": "hf9r38gx2fqf"
}, {
    "status": "operational",
    "name": "Management Portal",
    "created_at": "2016-03-25T09:46:08.145Z",
    "updated_at": "2016-03-29T17:30:04.763Z",
    "position": 2,
    "description": null,
    "id": "pmtwkbsstr70",
    "page_id": "qftdx2kyz380",
    "group_id": "frxccs2hg5y3"
}, {
    "status": "operational",
    "name": "Pager-Duty",
    "created_at": "2016-03-10T14:02:43.382Z",
    "updated_at": "2016-03-10T14:02:43.382Z",
    "position": 2,
    "description": null,
    "id": "8r3zm2h6b8mb",
    "page_id": "qftdx2kyz380",
    "group_id": "f8tbmmzghhk4"
}, {
    "status": "operational",
    "name": "Management Portal",
    "created_at": "2016-03-25T09:48:42.488Z",
    "updated_at": "2016-03-30T09:53:55.625Z",
    "position": 2,
    "description": null,
    "id": "9ggctk5bzdg4",
    "page_id": "qftdx2kyz380",
    "group_id": "hf9r38gx2fqf"
}, {
    "status": "operational",
    "name": "vRealize Air Compliance Homepage",
    "created_at": "2016-03-10T14:11:48.714Z",
    "updated_at": "2016-03-10T14:11:48.714Z",
    "position": 2,
    "description": null,
    "id": "dq18lxymy58f",
    "page_id": "qftdx2kyz380",
    "group_id": "vkbb43khjmvk"
}, {
    "status": "operational",
    "name": "Management Portal",
    "created_at": "2016-03-25T09:51:45.639Z",
    "updated_at": "2016-03-29T11:18:12.857Z",
    "position": 2,
    "description": null,
    "id": "shv871rd3k91",
    "page_id": "qftdx2kyz380",
    "group_id": "6nw1kl60p4w1"
}, {
    "status": "operational",
    "name": "Management Portal",
    "created_at": "2016-03-25T09:47:05.362Z",
    "updated_at": "2016-03-28T11:29:40.865Z",
    "position": 2,
    "description": null,
    "id": "4f684m6pyg9p",
    "page_id": "qftdx2kyz380",
    "group_id": "8h0ryk5w9vrj"
}, {
    "status": "operational",
    "name": "Database",
    "created_at": "2016-03-25T09:52:14.830Z",
    "updated_at": "2016-03-25T09:52:14.830Z",
    "position": 3,
    "description": null,
    "id": "ffp53c6rwmtb",
    "page_id": "qftdx2kyz380",
    "group_id": "6nw1kl60p4w1"
}, {
    "status": "operational",
    "name": "Database",
    "created_at": "2016-03-25T09:47:18.226Z",
    "updated_at": "2016-03-25T09:47:18.226Z",
    "position": 3,
    "description": null,
    "id": "yzc63fh4h1y3",
    "page_id": "qftdx2kyz380",
    "group_id": "8h0ryk5w9vrj"
}, {
    "status": "operational",
    "name": "Slack",
    "created_at": "2016-03-10T14:03:01.016Z",
    "updated_at": "2016-03-10T14:03:01.016Z",
    "position": 3,
    "description": null,
    "id": "2tvsnyy5l252",
    "page_id": "qftdx2kyz380",
    "group_id": "f8tbmmzghhk4"
}, {
    "status": "operational",
    "name": "Database",
    "created_at": "2016-03-25T09:46:24.539Z",
    "updated_at": "2016-03-25T09:46:24.539Z",
    "position": 3,
    "description": null,
    "id": "yy7bpc3h5nq7",
    "page_id": "qftdx2kyz380",
    "group_id": "frxccs2hg5y3"
}, {
    "status": "operational",
    "name": "Database",
    "created_at": "2016-03-25T09:49:53.471Z",
    "updated_at": "2016-03-25T09:49:53.471Z",
    "position": 3,
    "description": null,
    "id": "ycprbvcxgzyt",
    "page_id": "qftdx2kyz380",
    "group_id": "hf9r38gx2fqf"
}, {
    "status": "operational",
    "name": "Confluence Wiki",
    "created_at": "2016-03-10T14:03:15.297Z",
    "updated_at": "2016-03-10T14:03:15.297Z",
    "position": 4,
    "description": null,
    "id": "qxdjk397nn26",
    "page_id": "qftdx2kyz380",
    "group_id": "f8tbmmzghhk4"
}, {
    "status": "operational",
    "name": "VMWare VPN",
    "created_at": "2016-03-10T14:03:34.683Z",
    "updated_at": "2016-03-10T14:03:34.683Z",
    "position": 5,
    "description": null,
    "id": "dj9hydm33y8l",
    "page_id": "qftdx2kyz380",
    "group_id": "f8tbmmzghhk4"
}, {
    "status": "operational",
    "name": "Synthetic End User Monitor",
    "created_at": "2016-03-10T14:05:26.555Z",
    "updated_at": "2016-03-10T14:05:26.555Z",
    "position": 6,
    "description": null,
    "id": "5pykp2ztzyg7",
    "page_id": "qftdx2kyz380",
    "group_id": "f8tbmmzghhk4"
}, {
    "status": "operational",
    "name": "Log Management",
    "created_at": "2016-03-10T14:05:58.083Z",
    "updated_at": "2016-03-10T14:05:58.083Z",
    "position": 7,
    "description": null,
    "id": "766y6lc6mn2w",
    "page_id": "qftdx2kyz380",
    "group_id": "f8tbmmzghhk4"
}, {
    "status": "operational",
    "name": "Third Party Components",
    "created_at": "2016-03-08T22:30:58.284Z",
    "updated_at": "2016-03-10T14:01:41.276Z",
    "position": 8,
    "description": null,
    "id": "f8tbmmzghhk4",
    "page_id": "qftdx2kyz380",
    "group_id": null
}, {
    "status": "operational",
    "name": "vRealize Air Compliance",
    "created_at": "2016-03-10T14:08:50.909Z",
    "updated_at": "2016-03-13T11:55:44.051Z",
    "position": 9,
    "description": null,
    "id": "vkbb43khjmvk",
    "page_id": "qftdx2kyz380",
    "group_id": null
}, {
    "status": "operational",
    "name": "EmpireState",
    "created_at": "2016-03-25T09:45:33.063Z",
    "updated_at": "2016-03-25T09:45:33.063Z",
    "position": 10,
    "description": null,
    "id": "frxccs2hg5y3",
    "page_id": "qftdx2kyz380",
    "group_id": null
}, {
    "status": "operational",
    "name": "SearsTower",
    "created_at": "2016-03-25T09:46:53.845Z",
    "updated_at": "2016-03-25T09:46:53.845Z",
    "position": 11,
    "description": null,
    "id": "8h0ryk5w9vrj",
    "page_id": "qftdx2kyz380",
    "group_id": null
}, {
    "status": "operational",
    "name": "AirWatch",
    "created_at": "2016-03-25T09:47:50.334Z",
    "updated_at": "2016-03-25T09:47:50.334Z",
    "position": 12,
    "description": null,
    "id": "hf9r38gx2fqf",
    "page_id": "qftdx2kyz380",
    "group_id": null
}, {
    "status": "operational",
    "name": "vIDM",
    "created_at": "2016-03-25T09:51:16.610Z",
    "updated_at": "2016-03-25T09:51:16.610Z",
    "position": 13,
    "description": null,
    "id": "6nw1kl60p4w1",
    "page_id": "qftdx2kyz380",
    "group_id": null
}
]