{
	"EmpireState": {
		"label": "EmpireState",
		"subcomps": ["", "API's|api", "Management Portal|managementportal", "Database|database"]
	},
	"SearsTower": {
		"label": "SearsTower",
		"subcomps": ["", "SearsTower|SearsTower"]
	},
	"CSP": {
		"label": "CSP",
		"subcomps": ["", "CSP|CSP"]
	},
	"AirWatch": {
		"label": "AirWatch",
		"subcomps": ["", "AirWatch|AirWatch"]
	},
	"vIDM": {
		"label": "vIDM",
		"subcomps": ["", "API's|api", "User Portal|userportal"]
	},
	"Confluence": {
		"label": "TPS-Confluence",
		"subcomps": ["", "Confluence|Confluence"]
	},
	"Pingometer": {
		"label": "TPS-Pingometer",
		"subcomps": ["", "Pingometer|Pingometer"]
	},
	"Pagerduty": {
		"label": "TPS-Pagerduty",
		"subcomps": ["", "Pagerduty|Pagerduty"]
	},
	"Slack": {
		"label": "TPS-Slack",
		"subcomps": ["", "Slack|Slack"]
	},
	"Exchange": {
		"label": "TPS-Exchange",
		"subcomps": ["", "Exchange|Exchange"]
	},
	"Milezero": {
		"label": "TPS-Milezero",
		"subcomps": ["", "Milezero|Milezero"]
	},
	"Dynatrace": {
		"label": "TPS-Dynatrace",
		"subcomps": ["", "Dynatrace|Dynatrace"]
	},
	"Sharepoint": {
		"label": "TPS-Sharepoint",
		"subcomps": ["", "Sharepoint|Sharepoint"]
	}
}